Date,Open,High,Low,Adj Close,Volume
2020-01-02,6695.0,6780.0,6680.0,6322.23876953125,49445000.0
2020-01-03,6750.0,6800.0,6725.0,6426.19140625,47755500.0
2020-01-06,6720.0,6750.0,6690.0,6364.7646484375,27300000.0
2020-01-07,6735.0,6770.0,6730.0,6369.4892578125,45022500.0
2020-01-08,6670.0,6745.0,6670.0,6312.78857421875,53692500.0
2020-01-09,6740.0,6755.0,6730.0,6369.4892578125,40363500.0
2020-01-10,6765.0,6825.0,6710.0,6355.31396484375,73362000.0
2020-01-13,6740.0,6760.0,6735.0,6374.21533203125,67855000.0
2020-01-14,6745.0,6885.0,6740.0,6492.34326171875,93582000.0
2020-01-15,6870.0,7060.0,6800.0,6459.267578125,75623500.0
2020-01-16,6805.0,6890.0,6795.0,6473.44287109375,88931500.0
2020-01-17,6840.0,6890.0,6800.0,6497.06884765625,38249500.0
2020-01-20,6950.0,6975.0,6830.0,6459.267578125,93554500.0
2020-01-21,6885.0,6895.0,6825.0,6454.54248046875,103984500.0
2020-01-22,6855.0,6895.0,6835.0,6463.99267578125,94311500.0
2020-01-23,6885.0,6895.0,6830.0,6463.99267578125,87728000.0
2020-01-24,6820.0,6880.0,6810.0,6435.6416015625,69653500.0
2020-01-27,6865.0,6940.0,6815.0,6463.99267578125,39679000.0
2020-01-28,6835.0,6845.0,6755.0,6416.7412109375,82615000.0
2020-01-29,6800.0,6845.0,6770.0,6412.01611328125,43821000.0
2020-01-30,6845.0,6845.0,6730.0,6369.4892578125,71990000.0
2020-01-31,6800.0,6805.0,6480.0,6123.78271484375,163136500.0
2020-02-03,6480.0,6585.0,6370.0,6085.9814453125,149797000.0
2020-02-04,6570.0,6620.0,6520.0,6237.185546875,113316500.0
2020-02-05,6780.0,6780.0,6650.0,6360.03955078125,123002500.0
2020-02-06,6740.0,6780.0,6680.0,6369.4892578125,154693500.0
2020-02-07,6710.0,6780.0,6705.0,6388.39013671875,82609000.0
2020-02-10,6760.0,6785.0,6630.0,6412.01611328125,66578500.0
2020-02-11,6785.0,6785.0,6745.0,6407.291015625,77526500.0
2020-02-12,6800.0,6800.0,6760.0,6426.19140625,69971500.0
2020-02-13,6820.0,6820.0,6740.0,6416.7412109375,49737000.0
2020-02-14,6780.0,6795.0,6675.0,6312.78857421875,147028500.0
2020-02-17,6680.0,6750.0,6680.0,6350.5888671875,115319000.0
2020-02-18,6685.0,6720.0,6670.0,6326.96337890625,98436500.0
2020-02-19,6665.0,6760.0,6665.0,6326.96337890625,74594000.0
2020-02-20,6690.0,6695.0,6565.0,6232.46044921875,136724500.0
2020-02-21,6600.0,6660.0,6595.0,6251.36181640625,98261000.0
2020-02-24,6565.0,6600.0,6510.0,6166.3095703125,84910000.0
2020-02-25,6550.0,6560.0,6510.0,6171.0341796875,86446500.0
2020-02-26,6500.0,6535.0,6420.0,6067.08056640625,92824500.0
2020-02-27,6470.0,6475.0,6200.0,5944.2275390625,129254500.0
2020-02-28,6200.0,6290.0,6035.0,5944.2275390625,169946500.0
2020-03-02,6290.0,6290.0,6035.0,5745.771484375,144871500.0
2020-03-03,6200.0,6350.0,6200.0,5972.578125,114663500.0
2020-03-04,6315.0,6500.0,6260.0,6085.9814453125,83025000.0
2020-03-05,6540.0,6540.0,6340.0,6081.25634765625,77583000.0
2020-03-06,6350.0,6350.0,6200.0,5859.1748046875,77835500.0
2020-03-09,6000.0,6040.0,5785.0,5466.98828125,140889500.0
2020-03-10,5840.0,6010.0,5840.0,5599.2919921875,133667000.0
2020-03-11,5950.0,5980.0,5790.0,5528.41455078125,93204500.0
2020-03-12,5600.0,5640.0,5460.0,5254.3564453125,129845500.0
2020-03-13,5560.0,5560.0,5560.0,5254.3564453125,0.0
2020-03-16,5560.0,5560.0,5560.0,5254.3564453125,0.0
2020-03-17,5495.0,5505.0,5120.0,4838.54443359375,212200000.0
2020-03-18,5120.0,5380.0,4765.0,4725.14111328125,180053500.0
2020-03-19,4995.0,4995.0,4650.0,4394.380859375,264419000.0
2020-03-20,4600.0,5385.0,4325.0,4474.70849609375,335132000.0
2020-03-23,4760.0,5000.0,4405.0,4186.474609375,217843500.0
2020-03-24,4450.0,4995.0,4450.0,4252.626953125,253971000.0
2020-03-26,4650.0,5395.0,4650.0,4989.74853515625,331633000.0
2020-03-27,5360.0,5895.0,5355.0,5207.10546875,269683000.0
2020-03-30,5480.0,5555.0,5155.0,5192.93017578125,159964500.0
2020-03-31,5660.0,5710.0,5485.0,5221.28076171875,182638500.0
2020-04-01,5560.0,5750.0,5425.0,5178.75439453125,152831500.0
2020-04-02,5470.0,5470.0,5360.0,5112.6025390625,136623500.0
2020-04-03,5460.0,5530.0,5365.0,5192.93017578125,110506000.0
2020-04-06,5520.0,5740.0,5495.0,5419.73681640625,78184000.0
2020-04-07,5735.0,6100.0,5580.0,5344.134765625,149153500.0
2020-04-08,5655.0,5660.0,5480.0,5325.23388671875,106111500.0
2020-04-09,5600.0,5695.0,5500.0,5287.4326171875,89997000.0
2020-04-13,5540.0,5615.0,5480.0,5197.6552734375,58043000.0
2020-04-14,5505.0,5590.0,5445.0,5211.830078125,95796000.0
2020-04-15,5515.0,5630.0,5445.0,5183.4794921875,95342000.0
2020-04-16,5485.0,5520.0,5185.0,4951.94775390625,176990500.0
2020-04-17,5300.0,5445.0,5280.0,5126.77783203125,160935500.0
2020-04-20,5430.0,5500.0,5330.0,5060.62548828125,90744000.0
2020-04-21,5355.0,5355.0,5160.0,4960.64453125,73431000.0
2020-04-22,5160.0,5235.0,5045.0,4946.2236328125,107263500.0
2020-04-23,5180.0,5245.0,5120.0,4922.18896484375,105419500.0
2020-04-24,5120.0,5140.0,4920.0,4729.91650390625,131149500.0
2020-04-27,4940.0,5020.0,4855.0,4768.37060546875,151103500.0
2020-04-28,4960.0,4975.0,4805.0,4643.39306640625,180488000.0
2020-04-29,4825.0,4850.0,4800.0,4662.62060546875,121161000.0
2020-04-30,4880.0,5250.0,4880.0,4970.2578125,174081000.0
2020-05-04,5150.0,5300.0,5000.0,5018.326171875,114497500.0
2020-05-05,5220.0,5340.0,5200.0,5080.81494140625,118643500.0
2020-05-06,5315.0,5370.0,5300.0,5148.1103515625,86395500.0
2020-05-08,5345.0,5400.0,5150.0,5042.35986328125,123028000.0
2020-05-11,5245.0,5325.0,5245.0,5090.427734375,40615500.0
2020-05-12,5340.0,5340.0,5030.0,5018.326171875,118660000.0
2020-05-13,5160.0,5170.0,5085.0,4912.57568359375,94973000.0
2020-05-14,5070.0,5110.0,4905.0,4729.91650390625,131268000.0
2020-05-15,4920.0,4995.0,4680.0,4600.13134765625,205790000.0
2020-05-18,4800.0,4845.0,4750.0,4580.90478515625,139997500.0
2020-05-19,4840.0,4960.0,4680.0,4499.18896484375,128504500.0
2020-05-20,4720.0,4800.0,4690.0,4580.90478515625,119158000.0
2020-05-26,4775.0,5000.0,4775.0,4777.98486328125,176076500.0
2020-05-27,4970.0,5000.0,4855.0,4773.177734375,151753500.0
2020-05-28,5000.0,5320.0,5000.0,5090.427734375,229233000.0
2020-05-29,5295.0,5295.0,5190.0,4989.48486328125,399414000.0
2020-06-02,5260.0,5500.0,5240.0,5152.91650390625,181369500.0
2020-06-03,5410.0,5780.0,5400.0,5556.689453125,279673500.0
2020-06-04,5780.0,5990.0,5600.0,5566.3037109375,236158500.0
2020-06-05,5790.0,5855.0,5585.0,5503.8154296875,88157500.0
2020-06-08,5755.0,5925.0,5755.0,5672.05419921875,173557500.0
2020-06-09,5940.0,5995.0,5795.0,5580.72412109375,100110000.0
2020-06-10,5800.0,5865.0,5595.0,5575.91748046875,115382500.0
2020-06-11,5750.0,5810.0,5605.0,5460.55419921875,85187500.0
2020-06-12,5680.0,5680.0,5480.0,5450.9404296875,96044000.0
2020-06-15,5680.0,5710.0,5500.0,5287.50830078125,100844500.0
2020-06-16,5580.0,5795.0,5580.0,5537.462890625,91518500.0
2020-06-17,5800.0,5800.0,5680.0,5499.00830078125,79800000.0
2020-06-18,5720.0,5740.0,5585.0,5369.2236328125,68032000.0
2020-06-19,5600.0,5650.0,5545.0,5359.6103515625,110071000.0
2020-06-22,5595.0,5660.0,5530.0,5325.96240234375,51590500.0
2020-06-23,5570.0,5660.0,5520.0,5402.87158203125,69954000.0
2020-06-24,5650.0,5760.0,5640.0,5484.587890625,57333000.0
2020-06-25,5700.0,5745.0,5640.0,5503.8154296875,51415000.0
2020-06-26,5720.0,5760.0,5640.0,5426.90576171875,57467500.0
2020-06-29,5640.0,5695.0,5585.0,5455.7470703125,48796500.0
2020-06-30,5700.0,5740.0,5660.0,5474.9736328125,74474000.0
2020-07-01,5700.0,5800.0,5675.0,5575.91748046875,63959000.0
2020-07-02,5775.0,5870.0,5760.0,5643.21240234375,75585500.0
2020-07-03,5870.0,5905.0,5840.0,5643.21240234375,52219000.0
2020-07-06,5860.0,5935.0,5850.0,5705.70166015625,67800000.0
2020-07-07,5940.0,5995.0,5900.0,5758.5771484375,74168000.0
2020-07-08,5990.0,6265.0,5980.0,5960.4638671875,106444500.0
2020-07-09,6210.0,6240.0,6030.0,5864.3271484375,93543500.0
2020-07-10,6100.0,6240.0,6080.0,5960.4638671875,67224000.0
2020-07-13,6230.0,6240.0,6140.0,5936.42919921875,86006000.0
2020-07-14,6175.0,6200.0,6110.0,5960.4638671875,45616500.0
2020-07-15,6200.0,6240.0,6150.0,5912.39501953125,61468000.0
2020-07-16,6150.0,6200.0,6140.0,5941.236328125,66520500.0
2020-07-17,6135.0,6180.0,6040.0,5883.5546875,73348000.0
2020-07-20,6120.0,6160.0,6060.0,5902.78173828125,59794500.0
2020-07-21,6100.0,6235.0,6100.0,5960.4638671875,84159500.0
2020-07-22,6210.0,6250.0,6130.0,5941.236328125,44725500.0
2020-07-23,6180.0,6215.0,6140.0,5960.4638671875,84026500.0
2020-07-24,6200.0,6200.0,6100.0,5864.3271484375,58366500.0
2020-07-27,6100.0,6140.0,6000.0,5864.3271484375,41972500.0
2020-07-28,6120.0,6200.0,6060.0,5946.04296875,65279000.0
2020-07-29,6185.0,6185.0,6100.0,5897.974609375,50262500.0
2020-07-30,6135.0,6240.0,6055.0,5998.91796875,80533500.0
2020-08-03,6220.0,6235.0,5825.0,5893.16796875,137079000.0
2020-08-04,6155.0,6220.0,6130.0,5970.0771484375,79357000.0
2020-08-05,6200.0,6220.0,6100.0,5965.27001953125,49393000.0
2020-08-06,6215.0,6295.0,6185.0,6018.14501953125,55258500.0
2020-08-07,6265.0,6285.0,6160.0,5941.236328125,43621000.0
2020-08-10,6180.0,6200.0,6105.0,5883.5546875,37774500.0
2020-08-11,6140.0,6200.0,6130.0,5936.42919921875,38795500.0
2020-08-12,6175.0,6260.0,6160.0,6018.14501953125,35612000.0
2020-08-13,6260.0,6300.0,6180.0,6056.599609375,48581000.0
2020-08-14,6300.0,6405.0,6240.0,6157.5439453125,57316000.0
2020-08-18,6405.0,6425.0,6300.0,6114.2822265625,81563500.0
2020-08-19,6360.0,6410.0,6310.0,6085.44091796875,58793500.0
2020-08-24,6340.0,6380.0,6280.0,6071.0205078125,66882500.0
2020-08-25,6320.0,6380.0,6305.0,6119.0888671875,49211000.0
2020-08-26,6385.0,6390.0,6305.0,6095.05517578125,42983000.0
2020-08-27,6365.0,6600.0,6340.0,6345.009765625,68326000.0
2020-08-28,6560.0,6600.0,6425.0,6244.06689453125,52292500.0
2020-08-31,6500.0,6540.0,6275.0,6032.56591796875,97032000.0
2020-09-01,6280.0,6520.0,6240.0,6268.1005859375,67446000.0
2020-09-02,6520.0,6560.0,6365.0,6186.38427734375,66065000.0
2020-09-03,6465.0,6500.0,6300.0,6248.873046875,68208500.0
2020-09-04,6450.0,6450.0,6265.0,6133.5087890625,80613500.0
2020-09-07,6335.0,6360.0,6200.0,6042.1796875,64249500.0
2020-09-08,6285.0,6360.0,6285.0,6090.24755859375,39649000.0
2020-09-09,6300.0,6320.0,6210.0,6003.7255859375,49285000.0
2020-09-10,6220.0,6220.0,5810.0,5585.53125,175735000.0
2020-09-11,5800.0,5975.0,5620.0,5676.86083984375,403032500.0
2020-09-14,6000.0,6115.0,5985.0,5816.2587890625,138115000.0
2020-09-15,6040.0,6100.0,5860.0,5633.59912109375,170087000.0
2020-09-16,5860.0,5870.0,5745.0,5527.849609375,158565500.0
2020-09-17,5750.0,5855.0,5665.0,5532.65576171875,138796000.0
2020-09-18,5700.0,5735.0,5570.0,5412.48486328125,316912000.0
2020-09-21,5640.0,5735.0,5595.0,5388.451171875,112443000.0
2020-09-22,5520.0,5565.0,5430.0,5239.43994140625,163442500.0
2020-09-23,5450.0,5585.0,5425.0,5292.31494140625,100517000.0
2020-09-24,5430.0,5535.0,5390.0,5234.6328125,88618500.0
2020-09-25,5480.0,5625.0,5460.0,5393.25830078125,100705000.0
2020-09-28,5650.0,5695.0,5500.0,5301.92822265625,93522000.0
2020-09-29,5575.0,5635.0,5460.0,5292.31494140625,117778500.0
2020-09-30,5565.0,5565.0,5420.0,5210.59912109375,107377000.0
2020-10-01,5485.0,5570.0,5480.0,5354.8037109375,56893000.0
2020-10-02,5560.0,5565.0,5440.0,5292.31494140625,66848000.0
2020-10-05,5515.0,5560.0,5460.0,5306.7353515625,58291000.0
2020-10-06,5630.0,5715.0,5600.0,5479.78125,141955500.0
2020-10-07,5600.0,5755.0,5580.0,5532.65576171875,89937500.0
2020-10-08,5790.0,5800.0,5710.0,5556.689453125,77384500.0
2020-10-09,5750.0,5775.0,5720.0,5551.8837890625,54250500.0
2020-10-12,5840.0,5875.0,5830.0,5628.79296875,82918500.0
2020-10-13,5840.0,5860.0,5770.0,5628.79296875,48250500.0
2020-10-14,5840.0,5900.0,5810.0,5672.05419921875,83117500.0
2020-10-15,5875.0,5880.0,5760.0,5561.4970703125,82067000.0
2020-10-16,5785.0,5790.0,5730.0,5537.462890625,89051500.0
2020-10-19,5750.0,5900.0,5710.0,5672.05419921875,56871500.0
2020-10-20,5880.0,5880.0,5785.0,5580.72412109375,74995500.0
2020-10-21,5860.0,5865.0,5730.0,5556.689453125,77944000.0
2020-10-22,5740.0,5800.0,5705.0,5575.91748046875,96872500.0
2020-10-23,5840.0,5840.0,5750.0,5547.07666015625,66328000.0
2020-10-26,5725.0,5835.0,5725.0,5590.337890625,70452500.0
2020-10-27,5815.0,5830.0,5755.0,5566.3037109375,89482000.0
2020-11-02,5760.0,5825.0,5720.0,5595.14501953125,151006500.0
2020-11-03,5840.0,5895.0,5835.0,5662.4404296875,78152000.0
2020-11-04,5900.0,5940.0,5785.0,5595.14501953125,78626000.0
2020-11-05,5900.0,6180.0,5900.0,5912.39501953125,161090000.0
2020-11-06,6160.0,6300.0,6060.0,6056.599609375,137303500.0
2020-11-09,6300.0,6400.0,6215.0,6042.1796875,82739500.0
2020-11-10,6395.0,6600.0,6380.0,6229.6455078125,191073500.0
2020-11-11,6540.0,6565.0,6480.0,6287.32763671875,131383500.0
2020-11-12,6410.0,6495.0,6405.0,6171.9638671875,83082500.0
2020-11-13,6420.0,6450.0,6320.0,6143.12255859375,82374500.0
2020-11-16,6485.0,6485.0,6385.0,6229.6455078125,54905000.0
2020-11-17,6500.0,6565.0,6490.0,6296.94140625,119784000.0
2020-11-18,6550.0,6575.0,6540.0,6316.1689453125,99789000.0
2020-11-19,6520.0,6640.0,6515.0,6359.4296875,147346500.0
2020-11-20,6640.0,6650.0,6550.0,6345.009765625,68468500.0
2020-11-23,6600.0,6610.0,6550.0,6345.009765625,75265500.0
2020-11-24,6600.0,6600.0,6545.0,6311.36181640625,72349500.0
2020-11-25,6580.0,6585.0,6380.0,6162.35009765625,170140500.0
2020-11-26,6350.0,6490.0,6300.0,6229.6455078125,64339000.0
2020-11-27,6480.0,6490.0,6380.0,6138.31689453125,87361500.0
2020-11-30,6385.0,6400.0,6135.0,5965.27001953125,393091500.0
2020-12-01,6220.0,6435.0,6220.0,6147.93017578125,114563500.0
2020-12-02,6460.0,6485.0,6340.0,6200.80517578125,93897500.0
2020-12-03,6500.0,6525.0,6425.0,6210.4189453125,98210000.0
2020-12-04,6460.0,6465.0,6360.0,6143.12255859375,64995500.0
2020-12-07,6500.0,6580.0,6480.0,6268.1005859375,96636000.0
2020-12-08,6520.0,6520.0,6425.0,6239.25927734375,70561500.0
2020-12-10,6590.0,6600.0,6540.0,6340.123046875,151420500.0
2020-12-11,6600.0,6780.0,6595.0,6494.4072265625,214160000.0
2020-12-14,6800.0,6830.0,6795.0,6576.37060546875,179785500.0
2020-12-15,6830.0,6900.0,6605.0,6547.4423828125,164024500.0
2020-12-16,6860.0,6950.0,6840.0,6701.72705078125,138674000.0
2020-12-17,6965.0,7000.0,6820.0,6687.26318359375,91920000.0
2020-12-18,6935.0,6935.0,6755.0,6557.0849609375,147238500.0
2020-12-21,6890.0,6890.0,6800.0,6586.013671875,93692500.0
2020-12-22,6740.0,6820.0,6710.0,6475.1220703125,61790500.0
2020-12-23,6905.0,6905.0,6620.0,6484.7646484375,76948000.0
2020-12-28,6790.0,6820.0,6660.0,6537.7998046875,60234000.0
2020-12-29,6775.0,6810.0,6740.0,6523.3359375,34212500.0
2020-12-30,6800.0,6800.0,6700.0,6528.1572265625,52675500.0
2021-01-04,6800.0,6855.0,6720.0,6590.83544921875,47937000.0
2021-01-05,6860.0,7090.0,6850.0,6836.72509765625,104831000.0
2021-01-06,7050.0,7075.0,6880.0,6696.9052734375,89753500.0
2021-01-07,7000.0,7050.0,6910.0,6716.19091796875,71360000.0
2021-01-08,7035.0,7080.0,6975.0,6798.15478515625,75033500.0
2021-01-11,7150.0,7360.0,7145.0,7082.6162109375,169034500.0
2021-01-12,7345.0,7380.0,7160.0,6904.22509765625,95235000.0
2021-01-13,7245.0,7275.0,7070.0,6865.654296875,76581500.0
2021-01-14,7050.0,7090.0,6995.0,6769.22607421875,89319500.0
2021-01-15,7095.0,7100.0,6840.0,6706.5478515625,89853500.0
2021-01-18,6955.0,7125.0,6845.0,6865.654296875,86343000.0
2021-01-19,7120.0,7120.0,7005.0,6841.54736328125,73777000.0
2021-01-20,7165.0,7295.0,7070.0,6841.54736328125,107216000.0
2021-01-21,7280.0,7300.0,7060.0,6822.26171875,66428000.0
2021-01-22,7075.0,7160.0,7075.0,6827.0830078125,80829000.0
2021-01-25,7200.0,7200.0,7000.0,6783.6904296875,76836500.0
2021-01-26,6955.0,7000.0,6820.0,6576.37060546875,98658000.0
2021-01-27,6820.0,6930.0,6705.0,6547.4423828125,97920000.0
2021-01-28,6790.0,6925.0,6790.0,6653.5126953125,104627000.0
2021-01-29,6900.0,7000.0,6760.0,6518.5146484375,132762500.0
2021-02-01,6760.0,6920.0,6595.0,6576.37060546875,113129000.0
2021-02-02,6965.0,6980.0,6800.0,6557.0849609375,86741000.0
2021-02-03,7000.0,7000.0,6825.0,6581.1923828125,67291000.0
2021-02-04,6920.0,7000.0,6835.0,6610.12060546875,80950500.0
2021-02-05,6870.0,6950.0,6855.0,6667.9775390625,51602000.0
2021-02-08,7050.0,7055.0,6880.0,6672.79833984375,45604000.0
2021-02-09,7000.0,7030.0,6955.0,6730.6552734375,75574000.0
2021-02-10,7050.0,7050.0,6900.0,6672.79833984375,44984500.0
2021-02-11,6985.0,6985.0,6840.0,6634.22802734375,36926000.0
2021-02-15,6830.0,6890.0,6720.0,6557.0849609375,83922000.0
2021-02-16,6880.0,6945.0,6830.0,6692.08447265625,47221000.0
2021-02-17,6890.0,6960.0,6850.0,6653.5126953125,66011500.0
2021-02-18,6850.0,6900.0,6735.0,6494.4072265625,91204000.0
2021-02-19,6780.0,6850.0,6760.0,6581.1923828125,70487500.0
2021-02-22,6900.0,6940.0,6790.0,6547.4423828125,68913000.0
2021-02-23,6820.0,6845.0,6775.0,6581.1923828125,58360000.0
2021-02-24,6825.0,6835.0,6725.0,6484.7646484375,71869000.0
2021-02-25,6740.0,6770.0,6680.0,6465.47900390625,78688000.0
2021-02-26,6705.0,6810.0,6645.0,6470.30029296875,173631500.0
2021-03-01,6830.0,7045.0,6800.0,6793.33251953125,205539000.0
2021-03-02,7120.0,7160.0,7000.0,6764.4052734375,81446500.0
2021-03-03,7065.0,7085.0,7000.0,6749.9404296875,84470000.0
2021-03-04,6905.0,7000.0,6720.0,6479.943359375,120802500.0
2021-03-05,6720.0,6925.0,6720.0,6557.0849609375,111871500.0
2021-03-08,6950.0,6950.0,6720.0,6479.943359375,90883000.0
2021-03-09,6700.0,6715.0,6600.0,6369.05126953125,135582000.0
2021-03-10,6720.0,6720.0,6620.0,6465.47900390625,50302000.0
2021-03-12,6875.0,6880.0,6715.0,6523.3359375,74328000.0
2021-03-15,6815.0,6820.0,6665.0,6426.90771484375,57416000.0
2021-03-16,6710.0,6710.0,6620.0,6388.3369140625,70755500.0
2021-03-17,6650.0,6665.0,6605.0,6373.87255859375,71474500.0
2021-03-18,6620.0,6720.0,6610.0,6465.47900390625,70067500.0
2021-03-19,6770.0,6770.0,6625.0,6518.5146484375,125853000.0
2021-03-22,6640.0,6680.0,6610.0,6383.515625,67523500.0
2021-03-23,6720.0,6720.0,6555.0,6330.48046875,127762500.0
2021-03-24,6515.0,6550.0,6420.0,6209.94580078125,152050000.0
2021-03-25,6400.0,6440.0,6330.0,6142.44677734375,119101500.0
2021-03-26,6370.0,6445.0,6300.0,6185.8388671875,134467500.0
2021-03-29,6410.0,6515.0,6360.0,6132.80322265625,113370500.0
2021-03-30,6370.0,6455.0,6370.0,6166.55322265625,83115500.0
2021-03-31,6390.0,6395.0,6145.0,5992.9833984375,223390500.0
2021-04-01,6215.0,6270.0,6155.0,6002.6259765625,112286000.0
2021-04-05,6250.0,6290.0,6155.0,5935.12646484375,73311500.0
2021-04-06,6135.0,6170.0,6080.0,5944.76904296875,80215000.0
2021-04-07,6155.0,6275.0,6135.0,6026.73291015625,107908000.0
2021-04-08,6200.0,6215.0,6125.0,5998.767578125,123697500.0
2021-04-09,6315.0,6320.0,6145.0,6062.32421875,116961000.0
2021-04-12,6295.0,6295.0,6060.0,5930.322265625,110411500.0
2021-04-13,6050.0,6060.0,5980.0,5866.765625,119211500.0
2021-04-14,6105.0,6305.0,6060.0,6164.99267578125,135519500.0
2021-04-15,6305.0,6310.0,6180.0,6140.5478515625,102686500.0
2021-04-16,6370.0,6370.0,6215.0,6135.65869140625,79293500.0
2021-04-19,6275.0,6280.0,6230.0,6130.77001953125,47095000.0
2021-04-20,6200.0,6250.0,6185.0,6096.54736328125,72721000.0
2021-04-21,6200.0,6225.0,6165.0,6028.1015625,68397000.0
2021-04-22,6200.0,6275.0,6180.0,6076.9912109375,63758000.0
2021-04-23,6280.0,6395.0,6225.0,6248.10546875,108498500.0
2021-04-26,6395.0,6400.0,6280.0,6145.43701171875,108742000.0
2021-04-27,6370.0,6435.0,6355.0,6262.7724609375,132650000.0
2021-04-28,6400.0,6405.0,6315.0,6179.65966796875,87660000.0
2021-04-29,6460.0,6460.0,6360.0,6267.6611328125,57355000.0
2021-04-30,6450.0,6450.0,6380.0,6262.7724609375,65829500.0
2021-05-03,6480.0,6480.0,6345.0,6248.10546875,42065500.0
2021-05-04,6350.0,6430.0,6340.0,6257.88330078125,50123500.0
2021-05-05,6420.0,6430.0,6400.0,6282.328125,51685000.0
2021-05-06,6400.0,6450.0,6400.0,6282.328125,38115500.0
2021-05-07,6460.0,6460.0,6385.0,6257.88330078125,48864000.0
2021-05-10,6400.0,6420.0,6395.0,6277.43896484375,68180500.0
2021-05-11,6400.0,6480.0,6305.0,6336.1064453125,70680000.0
2021-05-17,6500.0,6500.0,6375.0,6355.66259765625,129058500.0
2021-05-18,6400.0,6455.0,6365.0,6248.10546875,73563000.0
2021-05-19,6380.0,6400.0,6335.0,6204.10498046875,64912500.0
2021-05-20,6390.0,6435.0,6350.0,6238.3271484375,64950000.0
2021-05-21,6450.0,6450.0,6260.0,6218.771484375,92620000.0
2021-05-24,6355.0,6380.0,6290.0,6184.548828125,59210000.0
2021-05-25,6300.0,6440.0,6300.0,6213.8828125,87470000.0
2021-05-27,6440.0,6480.0,6270.0,6130.77001953125,537971500.0
2021-05-28,6330.0,6370.0,6330.0,6199.2158203125,102108500.0
2021-05-31,6360.0,6390.0,6325.0,6233.4384765625,101442000.0
2021-06-02,6500.0,6515.0,6420.0,6321.43994140625,141732500.0
2021-06-03,6495.0,6600.0,6430.0,6453.44189453125,133810500.0
2021-06-04,6620.0,6620.0,6500.0,6433.8857421875,62108500.0
2021-06-07,6560.0,6570.0,6430.0,6384.99658203125,62576000.0
2021-06-08,6575.0,6575.0,6430.0,6287.21728515625,64348000.0
2021-06-09,6360.0,6535.0,6360.0,6384.99658203125,77198000.0
2021-06-10,6555.0,6620.0,6490.0,6472.998046875,73262500.0
2021-06-11,6570.0,6580.0,6460.0,6326.32861328125,72780500.0
2021-06-14,6520.0,6520.0,6400.0,6267.6611328125,61478500.0
2021-06-15,6445.0,6470.0,6405.0,6326.32861328125,87799000.0
2021-06-16,6420.0,6435.0,6360.0,6243.21630859375,48984000.0
2021-06-17,6390.0,6390.0,6275.0,6189.43798828125,68448500.0
2021-06-18,6300.0,6345.0,6280.0,6184.548828125,118043000.0
2021-06-21,6300.0,6300.0,6210.0,6111.21435546875,60823500.0
2021-06-22,6250.0,6390.0,6240.0,6199.2158203125,65824000.0
2021-06-23,6295.0,6340.0,6230.0,6091.65869140625,52451000.0
2021-06-24,6310.0,6310.0,6200.0,6072.1025390625,56010000.0
2021-06-25,6230.0,6260.0,6190.0,6052.54638671875,68939500.0
2021-06-28,6100.0,6150.0,6055.0,5920.54443359375,84420500.0
2021-06-29,6050.0,6090.0,6040.0,5910.7666015625,53704000.0
2021-06-30,6000.0,6070.0,6000.0,5891.21044921875,65795000.0
2021-07-01,6060.0,6075.0,6000.0,5891.21044921875,58153000.0
2021-07-02,6070.0,6140.0,6040.0,5964.544921875,67392500.0
2021-07-05,6100.0,6130.0,6070.0,5974.3232421875,39710500.0
2021-07-06,6110.0,6110.0,6055.0,5920.54443359375,34279500.0
2021-07-07,6180.0,6180.0,6030.0,5930.322265625,35595000.0
2021-07-08,6000.0,6040.0,5980.0,5881.4326171875,47297000.0
2021-07-09,6010.0,6020.0,5990.0,5886.3212890625,40707500.0
2021-07-12,6070.0,6180.0,6020.0,6032.99072265625,65981500.0
2021-07-13,6170.0,6175.0,6015.0,5910.7666015625,65946500.0
2021-07-14,6020.0,6030.0,5980.0,5856.98779296875,59321000.0
2021-07-15,6000.0,6115.0,5995.0,5979.2119140625,49724000.0
2021-07-16,6170.0,6170.0,6055.0,5974.3232421875,47998500.0
2021-07-19,6110.0,6110.0,6005.0,5871.65478515625,47119000.0
2021-07-21,6050.0,6120.0,6010.0,5876.5439453125,55009500.0
2021-07-22,6115.0,6155.0,6050.0,6018.32373046875,60792000.0
2021-07-23,6180.0,6190.0,6025.0,5900.98828125,79938000.0
2021-07-26,6040.0,6060.0,6005.0,5871.65478515625,48171500.0
2021-07-27,6005.0,6060.0,6000.0,5871.65478515625,53107500.0
2021-07-28,6005.0,6010.0,5970.0,5847.20947265625,74133000.0
2021-07-29,6055.0,6085.0,5980.0,5905.87744140625,84605000.0
2021-07-30,6040.0,6100.0,5960.0,5837.431640625,105685000.0
2021-08-02,6060.0,6065.0,5905.0,5827.65380859375,119981500.0
2021-08-03,6025.0,6180.0,5985.0,6008.5458984375,110071500.0
2021-08-04,6145.0,6150.0,6060.0,5984.10107421875,41112000.0
2021-08-05,6170.0,6310.0,6140.0,6160.103515625,93768000.0
2021-08-06,6360.0,6360.0,6135.0,6023.212890625,67285000.0
2021-08-09,6135.0,6200.0,6105.0,6062.32421875,52858500.0
2021-08-10,6250.0,6300.0,6115.0,6160.103515625,60446000.0
2021-08-12,6120.0,6320.0,6120.0,6160.103515625,118325500.0
2021-08-13,6350.0,6435.0,6325.0,6267.6611328125,86929000.0
2021-08-16,6420.0,6420.0,6305.0,6277.43896484375,69282000.0
2021-08-18,6520.0,6760.0,6460.0,6453.44189453125,186354500.0
2021-08-19,6600.0,6600.0,6530.0,6453.44189453125,100926000.0
2021-08-20,6600.0,6600.0,6510.0,6453.44189453125,120163500.0
2021-08-23,6515.0,6590.0,6515.0,6443.6640625,68253000.0
2021-08-24,6570.0,6600.0,6500.0,6453.44189453125,59561500.0
2021-08-25,6600.0,6605.0,6585.0,6453.44189453125,80751500.0
2021-08-26,6560.0,6580.0,6470.0,6414.33056640625,74337000.0
2021-08-27,6490.0,6530.0,6490.0,6365.44091796875,71572500.0
2021-08-30,6530.0,6580.0,6520.0,6419.2197265625,74564500.0
2021-08-31,6520.0,6570.0,6515.0,6404.552734375,115373500.0
2021-09-01,6550.0,6600.0,6535.0,6419.2197265625,67362500.0
2021-09-02,6525.0,6575.0,6455.0,6394.7744140625,53257000.0
2021-09-03,6560.0,6600.0,6515.0,6453.44189453125,35764500.0
2021-09-06,6600.0,6605.0,6550.0,6428.9970703125,36780000.0
2021-09-07,6595.0,6605.0,6570.0,6424.1083984375,53902000.0
2021-09-08,6550.0,6595.0,6420.0,6296.9951171875,77888000.0
2021-09-09,6410.0,6570.0,6410.0,6424.1083984375,110074000.0
2021-09-10,6495.0,6565.0,6495.0,6375.21826171875,41483500.0
2021-09-13,6560.0,6560.0,6525.0,6409.44189453125,29929000.0
2021-09-14,6590.0,6595.0,6495.0,6399.66357421875,51990500.0
2021-09-15,6545.0,6550.0,6485.0,6350.77392578125,44514000.0
2021-09-16,6580.0,6580.0,6480.0,6355.66259765625,58672500.0
2021-09-17,6490.0,6535.0,6480.0,6375.21826171875,117540000.0
2021-09-20,6570.0,6590.0,6510.0,6438.77490234375,73157500.0
2021-09-21,6510.0,6535.0,6470.0,6345.884765625,57115500.0
2021-09-22,6500.0,6580.0,6500.0,6409.44189453125,68722000.0
2021-09-23,6555.0,6590.0,6545.0,6433.8857421875,60998500.0
2021-09-24,6500.0,6585.0,6500.0,6438.77490234375,60539500.0
2021-09-27,6585.0,6595.0,6555.0,6433.8857421875,55052500.0
2021-09-28,6540.0,6560.0,6500.0,6375.21826171875,80186000.0
2021-09-29,6520.0,6580.0,6515.0,6433.8857421875,74079000.0
2021-09-30,6600.0,7000.0,6595.0,6844.56005859375,156848000.0
2021-10-01,6900.0,6900.0,6710.0,6609.88916015625,103954500.0
2021-10-04,6740.0,6960.0,6740.0,6805.44873046875,74719000.0
2021-10-05,6910.0,6945.0,6860.0,6790.78125,54986500.0
2021-10-06,6980.0,7180.0,6970.0,7020.56298828125,174312000.0
2021-10-07,7175.0,7175.0,7080.0,7001.00732421875,107263500.0
2021-10-08,7200.0,7300.0,7175.0,7128.1201171875,94643500.0
2021-10-11,7240.0,7290.0,7230.0,7093.8974609375,47201000.0
2021-10-12,7255.0,7320.0,7245.0,7157.4541015625,91067000.0
2021-10-13,7400.0,8250.0,7400.0,7357.90185546875,210893300.0
2021-10-14,7600.0,7900.0,7600.0,7577.9052734375,138811900.0
2021-10-15,7800.0,7875.0,7450.0,7480.1259765625,142378200.0
2021-10-18,7650.0,7675.0,7475.0,7357.90185546875,116644300.0
2021-10-19,7475.0,7525.0,7350.0,7333.45703125,134601200.0
2021-10-21,7500.0,7550.0,7350.0,7235.677734375,106120100.0
2021-10-22,7450.0,7550.0,7425.0,7357.90185546875,96730700.0
2021-10-25,7400.0,7525.0,7400.0,7357.90185546875,60329800.0
2021-10-26,7600.0,7600.0,7500.0,7357.90185546875,70103000.0
2021-10-27,7575.0,7575.0,7425.0,7284.5673828125,57067000.0
2021-10-28,7350.0,7425.0,7350.0,7211.23291015625,75271900.0
2021-10-29,7450.0,7475.0,7375.0,7309.01220703125,60639200.0
2021-11-01,7550.0,7550.0,7400.0,7235.677734375,38593400.0
2021-11-02,7375.0,7425.0,7250.0,7137.89794921875,90535400.0
2021-11-03,7300.0,7400.0,7250.0,7186.7880859375,61621500.0
2021-11-04,7425.0,7475.0,7375.0,7211.23291015625,61081400.0
2021-11-05,7475.0,7475.0,7375.0,7284.5673828125,43120400.0
2021-11-08,7500.0,7600.0,7450.0,7406.79150390625,85441700.0
2021-11-09,7600.0,7675.0,7575.0,7504.5712890625,101785800.0
2021-11-10,7675.0,7675.0,7575.0,7480.1259765625,47503900.0
2021-11-11,7700.0,7750.0,7600.0,7504.5712890625,55790000.0
2021-11-12,7750.0,7750.0,7525.0,7357.90185546875,52590100.0
2021-11-15,7625.0,7625.0,7500.0,7333.45703125,67344200.0
2021-11-16,7400.0,7475.0,7325.0,7309.01220703125,98616900.0
2021-11-17,7500.0,7575.0,7425.0,7431.646484375,61968100.0
2021-11-18,7425.0,7500.0,7400.0,7259.9580078125,78839600.0
2021-11-19,7425.0,7450.0,7375.0,7284.48486328125,68203700.0
2021-11-22,7425.0,7525.0,7400.0,7333.5390625,66328300.0
2021-11-23,7400.0,7500.0,7400.0,7333.5390625,43477500.0
2021-11-24,7575.0,7575.0,7425.0,7333.5390625,35181400.0
2021-11-25,7450.0,7525.0,7425.0,7284.48486328125,40216100.0
2021-11-26,7400.0,7450.0,7250.0,7137.32373046875,113288400.0
2021-11-29,7275.0,7425.0,7175.0,7259.9580078125,87907900.0
2021-11-30,7325.0,7425.0,7275.0,7137.32373046875,144923700.0
2021-12-01,7275.0,7450.0,7275.0,7161.85107421875,76538100.0
2021-12-02,7375.0,7500.0,7300.0,7358.06591796875,66831000.0
2021-12-03,7525.0,7525.0,7350.0,7235.431640625,63283700.0
2021-12-06,7450.0,7475.0,7350.0,7210.90478515625,56944100.0
2021-12-07,7450.0,7475.0,7350.0,7210.90478515625,51258200.0
2021-12-08,7450.0,7475.0,7400.0,7284.48486328125,74775000.0
2021-12-09,7400.0,7450.0,7350.0,7210.90478515625,54886400.0
2021-12-10,7325.0,7375.0,7275.0,7235.431640625,91092400.0
2021-12-13,7375.0,7400.0,7300.0,7161.85107421875,59977100.0
2021-12-14,7300.0,7375.0,7275.0,7161.85107421875,49763600.0
2021-12-15,7300.0,7375.0,7275.0,7161.85107421875,52477600.0
2021-12-16,7375.0,7400.0,7275.0,7137.32373046875,95171400.0
2021-12-17,7325.0,7500.0,7300.0,7358.06591796875,107096800.0
2021-12-20,7350.0,7400.0,7325.0,7235.431640625,74753000.0
2021-12-21,7325.0,7400.0,7325.0,7235.431640625,52386100.0
2021-12-22,7425.0,7425.0,7325.0,7186.3779296875,33232000.0
2021-12-23,7325.0,7350.0,7300.0,7161.85107421875,37136400.0
2021-12-24,7300.0,7350.0,7300.0,7161.85107421875,30802100.0
2021-12-27,7300.0,7350.0,7300.0,7210.90478515625,20722100.0
2021-12-28,7375.0,7400.0,7325.0,7210.90478515625,39343800.0
2021-12-29,7350.0,7375.0,7300.0,7161.85107421875,42079500.0
2021-12-30,7350.0,7350.0,7300.0,7161.85107421875,49954700.0
2022-01-03,7325.0,7400.0,7300.0,7186.3779296875,54287400.0
2022-01-04,7325.0,7450.0,7325.0,7259.9580078125,70624000.0
2022-01-05,7450.0,7525.0,7375.0,7309.01220703125,76164900.0
2022-01-06,7500.0,7525.0,7425.0,7333.5390625,63657100.0
2022-01-07,7550.0,7700.0,7500.0,7505.22705078125,143433300.0
2022-01-10,7575.0,7650.0,7550.0,7456.173828125,45351900.0
2022-01-11,7650.0,7700.0,7625.0,7554.28076171875,110334600.0
2022-01-12,7700.0,7700.0,7650.0,7554.28076171875,62606000.0
2022-01-13,7700.0,7750.0,7650.0,7554.28076171875,50025200.0
2022-01-14,7700.0,7850.0,7650.0,7701.4423828125,65898700.0
2022-01-17,7900.0,7900.0,7700.0,7603.3349609375,63902600.0
2022-01-18,7775.0,7775.0,7550.0,7529.75390625,71476300.0
2022-01-19,7650.0,7725.0,7575.0,7529.75390625,60389700.0
2022-01-20,7725.0,7775.0,7625.0,7627.86181640625,59925500.0
2022-01-21,7775.0,7950.0,7700.0,7799.5498046875,63370500.0
2022-01-24,7825.0,7850.0,7775.0,7652.388671875,40278300.0
2022-01-25,7675.0,7775.0,7625.0,7627.86181640625,106796900.0
2022-01-26,7700.0,7750.0,7650.0,7554.28076171875,53350200.0
2022-01-27,7625.0,7800.0,7625.0,7652.388671875,71945100.0
2022-01-28,7800.0,7825.0,7700.0,7627.86181640625,70595000.0
2022-01-31,7775.0,7775.0,7625.0,7480.70068359375,68122000.0
2022-02-02,7775.0,7800.0,7675.0,7652.388671875,65308100.0
2022-02-03,7800.0,7825.0,7700.0,7578.8076171875,35100600.0
2022-02-04,7750.0,7800.0,7700.0,7578.8076171875,39324700.0
2022-02-07,7775.0,7800.0,7700.0,7652.388671875,56813200.0
2022-02-08,7750.0,7850.0,7725.0,7578.8076171875,61883100.0
2022-02-09,7850.0,7950.0,7800.0,7799.5498046875,108922200.0
2022-02-10,7950.0,7950.0,7750.0,7603.3349609375,93277000.0
2022-02-11,7675.0,7825.0,7650.0,7676.91552734375,71968800.0
2022-02-14,7750.0,7775.0,7700.0,7554.28076171875,57710700.0
2022-02-15,7750.0,7875.0,7725.0,7725.96875,55617000.0
2022-02-16,7850.0,7975.0,7825.0,7824.07666015625,77055100.0
2022-02-17,7850.0,7925.0,7800.0,7750.49609375,48704600.0
2022-02-18,7950.0,7950.0,7850.0,7775.02294921875,56813400.0
2022-02-21,7925.0,7975.0,7900.0,7799.5498046875,43821700.0
2022-02-22,7900.0,7950.0,7850.0,7750.49609375,80095500.0
2022-02-23,7900.0,8100.0,7875.0,7897.65771484375,99240300.0
2022-02-24,8125.0,8150.0,7925.0,7848.603515625,124947700.0
2022-02-25,7950.0,8175.0,7925.0,7897.65771484375,135899900.0
2022-03-01,8000.0,8175.0,8000.0,7897.65771484375,136616800.0
2022-03-02,8225.0,8225.0,7975.0,7824.07666015625,100301000.0
2022-03-04,7975.0,8025.0,7900.0,7750.49609375,132983400.0
2022-03-07,7800.0,7850.0,7700.0,7554.28076171875,130990900.0
2022-03-08,7700.0,7850.0,7650.0,7505.22705078125,119256500.0
2022-03-09,7700.0,7950.0,7650.0,7701.4423828125,132814500.0
2022-03-10,7925.0,7975.0,7800.0,7775.02294921875,86484000.0
2022-03-11,7725.0,7950.0,7725.0,7799.5498046875,61053900.0
2022-03-14,8050.0,8100.0,7950.0,7922.1845703125,78432100.0
2022-03-15,8150.0,8200.0,8075.0,7995.7646484375,111214500.0
2022-03-16,8275.0,8275.0,8075.0,8044.81884765625,149761300.0
2022-03-17,8300.0,8300.0,8000.0,7848.603515625,132439400.0
2022-03-18,8000.0,8100.0,7900.0,7750.49609375,143981700.0
2022-03-21,7800.0,7950.0,7800.0,7750.49609375,85485500.0
2022-03-22,7900.0,7950.0,7875.0,7775.02294921875,60010900.0
2022-03-23,7925.0,7950.0,7825.0,7750.49609375,82208000.0
2022-03-24,7850.0,7950.0,7800.0,7775.02294921875,95245100.0
2022-03-25,7900.0,7950.0,7900.0,7799.5498046875,85101200.0
2022-03-28,7825.0,7900.0,7800.0,7869.27783203125,83911500.0
2022-03-29,7875.0,7900.0,7825.0,7819.47216796875,62180600.0
2022-03-30,7900.0,7900.0,7825.0,7844.375,71430600.0
2022-03-31,7925.0,8000.0,7875.0,7943.98583984375,112691900.0
2022-04-01,8075.0,8075.0,7850.0,7894.1806640625,105575400.0
2022-04-04,7925.0,7925.0,7825.0,7869.27783203125,57321200.0
2022-04-05,7900.0,7900.0,7850.0,7869.27783203125,48528300.0
2022-04-06,7825.0,7850.0,7750.0,7719.86083984375,119263000.0
2022-04-07,7725.0,7825.0,7700.0,7719.86083984375,68619400.0
2022-04-08,7800.0,7875.0,7775.0,7819.47216796875,69791600.0
2022-04-11,7825.0,7875.0,7725.0,7694.9580078125,62776200.0
2022-04-12,7725.0,7800.0,7700.0,7769.66650390625,73471300.0
2022-04-13,7800.0,7850.0,7750.0,7769.66650390625,57622100.0
2022-04-14,7800.0,7800.0,7700.0,7670.0556640625,93342900.0
2022-04-18,7700.0,7725.0,7625.0,7670.0556640625,68464700.0
2022-04-19,7700.0,7700.0,7625.0,7595.34716796875,98632000.0
2022-04-20,7725.0,7725.0,7625.0,7620.25,124388800.0
2022-04-21,7800.0,7925.0,7750.0,7894.1806640625,129323400.0
2022-04-22,7850.0,7925.0,7800.0,7844.375,85956100.0
2022-04-25,7875.0,8000.0,7825.0,7968.888671875,91279600.0
2022-04-26,7925.0,8125.0,7925.0,8093.40283203125,128360900.0
2022-04-27,8075.0,8200.0,8075.0,8168.11083984375,89463100.0
2022-04-28,8250.0,8250.0,8075.0,8093.40283203125,133730600.0
2022-05-09,7875.0,7900.0,7600.0,7570.4443359375,456796600.0
2022-05-10,7250.0,7600.0,7250.0,7495.73583984375,268445700.0
2022-05-11,7525.0,7700.0,7450.0,7620.25,156535200.0
2022-05-12,7525.0,7550.0,7275.0,7246.7080078125,240529600.0
2022-05-13,7250.0,7475.0,7250.0,7296.513671875,212968600.0
2022-05-17,7275.0,7475.0,7275.0,7371.22216796875,159657600.0
2022-05-18,7500.0,7575.0,7375.0,7545.54150390625,153514300.0
2022-05-19,7400.0,7475.0,7375.0,7421.02783203125,140908900.0
2022-05-20,7425.0,7475.0,7400.0,7371.22216796875,86520200.0
2022-05-23,7450.0,7475.0,7350.0,7346.3193359375,71603500.0
2022-05-24,7325.0,7475.0,7325.0,7321.41650390625,108710800.0
2022-05-25,7400.0,7450.0,7350.0,7346.3193359375,76747400.0
2022-05-27,7525.0,7575.0,7475.0,7545.54150390625,84336900.0
2022-05-30,7575.0,7600.0,7475.0,7545.54150390625,105411400.0
2022-05-31,7600.0,7750.0,7525.0,7719.86083984375,286292700.0
2022-06-02,7625.0,7675.0,7525.0,7545.54150390625,149226300.0
2022-06-03,7600.0,7675.0,7575.0,7570.4443359375,80563100.0
2022-06-06,7550.0,7575.0,7425.0,7421.02783203125,81140300.0
2022-06-07,7300.0,7475.0,7300.0,7346.3193359375,129242500.0
2022-06-08,7500.0,7600.0,7425.0,7570.4443359375,108910500.0
2022-06-09,7500.0,7575.0,7500.0,7470.8330078125,107828300.0
2022-06-10,7400.0,7450.0,7350.0,7321.41650390625,111768600.0
2022-06-13,7300.0,7400.0,7275.0,7321.41650390625,85539500.0
2022-06-14,7300.0,7400.0,7250.0,7371.22216796875,80865100.0
2022-06-15,7300.0,7375.0,7300.0,7296.513671875,130367100.0
2022-06-16,7400.0,7600.0,7375.0,7545.54150390625,132666300.0
2022-06-17,7425.0,7550.0,7425.0,7470.8330078125,117839400.0
2022-06-20,7600.0,7650.0,7500.0,7595.34716796875,88138700.0
2022-06-21,7600.0,7650.0,7550.0,7620.25,44295700.0
2022-06-22,7625.0,7650.0,7500.0,7470.8330078125,53041800.0
2022-06-23,7450.0,7575.0,7450.0,7495.73583984375,60443000.0
2022-06-24,7600.0,7600.0,7475.0,7445.9306640625,57956600.0
2022-06-27,7475.0,7500.0,7350.0,7321.41650390625,76354100.0
2022-06-28,7300.0,7400.0,7300.0,7271.61083984375,146078100.0
2022-06-29,7325.0,7400.0,7275.0,7246.7080078125,98517800.0
2022-06-30,7300.0,7400.0,7250.0,7221.8056640625,101343900.0
2022-07-01,7300.0,7325.0,7250.0,7221.8056640625,68738800.0
2022-07-04,7250.0,7275.0,7000.0,7022.5830078125,102238600.0
2022-07-05,7100.0,7325.0,7100.0,7221.8056640625,69172900.0
2022-07-06,7300.0,7325.0,7175.0,7271.61083984375,66801100.0
2022-07-07,7225.0,7250.0,7100.0,7072.388671875,86126800.0
2022-07-08,7125.0,7175.0,7075.0,7122.1943359375,64312400.0
2022-07-11,7200.0,7200.0,7125.0,7097.29150390625,36830800.0
2022-07-12,7175.0,7250.0,7150.0,7147.09716796875,34269000.0
2022-07-13,7100.0,7125.0,7000.0,6972.77783203125,71988200.0
2022-07-14,7025.0,7100.0,7000.0,6997.6806640625,83316300.0
2022-07-15,7100.0,7100.0,7000.0,6972.77783203125,57419900.0
2022-07-18,7025.0,7150.0,7025.0,7122.1943359375,60077700.0
2022-07-19,7100.0,7175.0,7100.0,7147.09716796875,59641000.0
2022-07-20,7200.0,7400.0,7175.0,7371.22216796875,105792900.0
2022-07-21,7400.0,7400.0,7250.0,7371.22216796875,64337100.0
2022-07-22,7400.0,7400.0,7300.0,7296.513671875,38956500.0
2022-07-25,7350.0,7375.0,7300.0,7271.61083984375,31247600.0
2022-07-26,7250.0,7375.0,7250.0,7271.61083984375,44379900.0
2022-07-27,7325.0,7350.0,7275.0,7296.513671875,58465500.0
2022-07-28,7375.0,7450.0,7325.0,7321.41650390625,86909700.0
2022-07-29,7400.0,7475.0,7350.0,7321.41650390625,131553000.0
2022-08-01,7350.0,7500.0,7350.0,7470.8330078125,104841600.0
2022-08-02,7600.0,7625.0,7500.0,7570.4443359375,106466900.0
2022-08-03,7625.0,7625.0,7575.0,7595.34716796875,60170600.0
2022-08-04,7675.0,7800.0,7650.0,7769.66650390625,164221000.0
2022-08-05,7825.0,7875.0,7725.0,7844.375,118734200.0
2022-08-08,7875.0,7925.0,7750.0,7844.375,84328900.0
2022-08-09,7875.0,7975.0,7875.0,7869.27783203125,92875800.0
2022-08-10,7800.0,7900.0,7725.0,7869.27783203125,104376300.0
2022-08-11,7850.0,7950.0,7825.0,7919.0830078125,73204700.0
2022-08-12,7925.0,7975.0,7850.0,7894.1806640625,59381200.0
2022-08-15,7950.0,7975.0,7900.0,7919.0830078125,81411000.0
2022-08-16,7950.0,7975.0,7850.0,7943.98583984375,83556700.0
2022-08-18,7900.0,8025.0,7875.0,7968.888671875,86136900.0
2022-08-19,8050.0,8050.0,7900.0,7869.27783203125,58194900.0
2022-08-22,7850.0,8000.0,7825.0,7968.888671875,97293300.0
2022-08-23,8000.0,8000.0,7900.0,7869.27783203125,71671800.0
2022-08-24,7950.0,8025.0,7900.0,7919.0830078125,108892400.0
2022-08-25,8000.0,8100.0,7900.0,8043.59716796875,99503500.0
2022-08-26,8025.0,8125.0,8000.0,7968.888671875,80472400.0
2022-08-29,8000.0,8150.0,7950.0,8118.3056640625,57762100.0
2022-08-30,8100.0,8275.0,8075.0,8143.2080078125,124467000.0
2022-08-31,8075.0,8225.0,8050.0,8168.11083984375,137659900.0
2022-09-01,8150.0,8250.0,8125.0,8118.3056640625,74960800.0
2022-09-02,8150.0,8225.0,8150.0,8193.013671875,71430600.0
2022-09-05,8225.0,8300.0,8200.0,8242.8193359375,62906000.0
2022-09-06,8300.0,8350.0,8250.0,8242.8193359375,67079900.0
2022-09-07,8250.0,8375.0,8250.0,8342.4306640625,117931700.0
2022-09-08,8400.0,8500.0,8350.0,8317.52734375,132777400.0
2022-09-09,8500.0,8500.0,8275.0,8342.4306640625,91234600.0
2022-09-12,8325.0,8425.0,8325.0,8342.4306640625,52395300.0
2022-09-13,8375.0,8575.0,8375.0,8491.8466796875,124485200.0
2022-09-14,8375.0,8650.0,8375.0,8466.9443359375,116642400.0
2022-09-15,8500.0,8875.0,8500.0,8715.9716796875,190404800.0
2022-09-16,8700.0,8725.0,8450.0,8417.138671875,363127600.0
2022-09-19,8475.0,8750.0,8450.0,8616.361328125,102530600.0
2022-09-20,8550.0,8650.0,8550.0,8516.75,89238400.0
2022-09-21,8525.0,8600.0,8425.0,8442.0419921875,90933700.0
2022-09-22,8375.0,8525.0,8375.0,8442.0419921875,61908500.0
2022-09-23,8375.0,8475.0,8375.0,8342.4306640625,60567600.0
2022-09-26,8200.0,8500.0,8200.0,8392.236328125,106228200.0
2022-09-27,8375.0,8450.0,8300.0,8267.7216796875,89567100.0
2022-09-28,8250.0,8425.0,8250.0,8292.625,89153400.0
2022-09-29,8325.0,8450.0,8325.0,8342.4306640625,62643700.0
2022-09-30,8375.0,8575.0,8275.0,8516.75,176524800.0
2022-10-03,8450.0,8525.0,8450.0,8466.9443359375,115079600.0
2022-10-04,8525.0,8625.0,8525.0,8516.75,80524500.0
2022-10-05,8525.0,8550.0,8425.0,8417.138671875,63788000.0
2022-10-06,8475.0,8500.0,8425.0,8392.236328125,43967400.0
2022-10-07,8325.0,8375.0,8200.0,8168.11083984375,112043400.0
2022-10-10,8150.0,8375.0,8125.0,8267.7216796875,80238200.0
2022-10-11,8200.0,8300.0,8150.0,8217.9169921875,64060000.0
2022-10-12,8200.0,8325.0,8175.0,8292.625,47569700.0
2022-10-13,8275.0,8375.0,8275.0,8242.8193359375,62282800.0
2022-10-14,8300.0,8350.0,8250.0,8217.9169921875,70642900.0
2022-10-17,8250.0,8300.0,8175.0,8217.9169921875,56387500.0
2022-10-18,8275.0,8475.0,8250.0,8267.7216796875,85665300.0
2022-10-19,8250.0,8350.0,8225.0,8242.8193359375,66753500.0
2022-10-20,8250.0,8500.0,8250.0,8466.9443359375,91812300.0
2022-10-21,8450.0,8725.0,8450.0,8616.361328125,122777800.0
2022-10-24,8750.0,8900.0,8725.0,8865.388671875,89416500.0
2022-10-25,8825.0,8875.0,8700.0,8666.1669921875,84696300.0
2022-10-26,8625.0,8650.0,8550.0,8516.75,98962100.0
2022-10-27,8550.0,8700.0,8550.0,8666.1669921875,77003400.0
2022-10-28,8650.0,8750.0,8650.0,8715.9716796875,84980600.0
2022-10-31,8850.0,8850.0,8775.0,8765.77734375,138922800.0
2022-11-01,9000.0,9000.0,8725.0,8765.77734375,118118400.0
2022-11-02,8800.0,8825.0,8725.0,8715.9716796875,68323600.0
2022-11-03,8700.0,8825.0,8700.0,8765.77734375,81856300.0
2022-11-04,8775.0,8800.0,8675.0,8740.875,84458300.0
2022-11-07,8725.0,8850.0,8675.0,8815.5830078125,94794000.0
2022-11-08,8850.0,8875.0,8725.0,8715.9716796875,42525500.0
2022-11-09,8675.0,8875.0,8675.0,8840.486328125,96599500.0
2022-11-10,8725.0,8800.0,8725.0,8765.77734375,89463000.0
2022-11-11,8900.0,8925.0,8825.0,8815.5830078125,59597900.0
2022-11-14,8875.0,8900.0,8750.0,8715.9716796875,49208200.0
2022-11-15,8775.0,8850.0,8750.0,8765.77734375,59092900.0
2022-11-16,8625.0,8675.0,8550.0,8566.5556640625,143424800.0
2022-11-17,8625.0,8825.0,8600.0,8691.0693359375,72679800.0
2022-11-18,8725.0,8900.0,8725.0,8790.6806640625,83556900.0
2022-11-21,8875.0,8900.0,8725.0,8691.0693359375,35901000.0
2022-11-22,8900.0,8950.0,8850.0,8865.388671875,84684200.0
2022-11-23,8900.0,8975.0,8875.0,8840.486328125,84642100.0
2022-11-24,8975.0,9000.0,8950.0,8965.0,53520800.0
2022-11-25,9000.0,9000.0,8900.0,8940.0966796875,75048300.0
2022-11-28,9050.0,9100.0,8975.0,8989.90234375,96209700.0
2022-11-29,8975.0,9075.0,8925.0,8940.0966796875,91562100.0
2022-11-30,8875.0,9400.0,8850.0,9263.8330078125,644359600.0
2022-12-01,9275.0,9350.0,9000.0,8965.0,155775400.0
2022-12-02,8900.0,8975.0,8900.0,8900.0,130982100.0
2022-12-05,8800.0,8900.0,8775.0,8775.0,114656300.0
2022-12-06,8725.0,8750.0,8575.0,8675.0,180553800.0
2022-12-07,8500.0,8575.0,8450.0,8450.0,229308700.0
2022-12-08,8375.0,8575.0,8350.0,8500.0,172590100.0
2022-12-09,8500.0,8600.0,8450.0,8575.0,90851300.0
2022-12-12,8525.0,8700.0,8475.0,8700.0,102851800.0
2022-12-13,8625.0,8700.0,8550.0,8700.0,83504800.0
